keyword,cluster
evolutie curs lira sterlina,currency
curs valutar lira,currency
curs valutar lira sterlina,currency
currency UK,currency
curs lira sterlina,currency
cat e lira,currency
bani UK,currency
bani anglia,currency
British pound,currency
1 lira,currency
1 pound,currency
one pound,currency
o lira,currency
lira sterlina,currency
money UK,currency
lei to pound,currency
lei to GBP,currency
GBP to ron,currency
GBP to lei,currency
salary UK,currency
salariu Anglia,currency
salariu UK,currency
quid,currency
ron to pound,currency
ron to GBP,currency
pound to lei,currency
pret lira,currency
pound to ron,currency
pound sterling,currency
house england,housing
casa Anglia,housing
residence uk,housing
casa uk,housing
house uk,housing
rent uk,housing
munca uk,employment
munca Anglia,employment
work uk,employment
locuri de munca uk,employment
locuri de munca Anglia,employment
jobs uk,employment
jobs England,employment
study uk,education
Universities uk,education
school uk,education
student uk,education
school England,education
education uk,education
tree,control
sport,control
Spain,control
rocket,control
mother,control
horse,control
Greece,control
money,control
grass,control
flower,control
